userID,hoursPlayed,level,pelletsEaten,fruitEaten,ghostsEaten,avgScore,maxScore,totalScore,churned
663507555,142,1,23572,6635,12736,1086,5583,817441,T
304987237,3596,22,690432,1747,11612,1357,3070,817948,T
845096499,1651,124,411099,4728,9748,814,3137,817414,T
542585281,1570,95,189970,4436,46450,543,6138,818310,T
538231525,2274,10,79590,4134,87739,271,3419,817987,T
110784012,3628,48,859836,2522,9995,814,3491,818031,T
713343503,3611,28,696923,1687,8677,1357,4737,817976,T
124404130,1666,110,18326,9629,26321,271,5543,817691,T
343685468,7,1,1736,2193,8400,814,3615,818161,T
557092846,3483,41,853335,2979,11280,814,6296,817995,T
152009713,68,20,16592,1595,98706,543,5868,817391,T
227334749,57,1,798,2385,15483,1357,3621,817381,T
709400231,3503,47,178653,3760,30371,814,3041,817851,T
103831205,2249,6,35984,2269,43869,543,4066,817893,T
582814673,13,18,442,1930,20247,543,6184,817920,T
111943071,1785,71,221340,2810,9995,1086,2865,817436,T
996169582,1594,126,47820,2009,14623,814,3576,817707,T
044300223,1694,128,194810,1862,56403,543,4542,818057,T
814228410,92,1,10764,10123,9513,1357,3702,817787,T
902719271,2220,26,335220,2751,15185,543,3371,817689,F
131835493,11,19,1386,1724,13160,1357,2782,818053,T
218811243,1626,129,333330,4935,37602,271,5750,818317,T
567542179,1693,105,423250,2810,8583,543,5465,818029,T
170601540,18,1,4194,1641,13853,814,3309,817934,T
719597905,1704,132,368064,7449,14899,543,5489,818026,T
406490928,54,1,13284,1823,8773,543,5022,817563,T
871484243,1564,116,173604,3048,8312,1086,6324,817850,T
064379889,2286,25,379476,7114,46450,814,4305,817989,T
043065279,3593,32,247917,4134,9400,1357,4792,817703,T
451678348,2188,7,461668,2881,157930,271,3647,817701,T
081840477,3566,32,677540,2269,17166,814,3612,818225,T
301482475,1601,95,27217,6169,16451,271,4411,818017,T
798200085,4,4,308,3345,112807,543,4198,818332,T
512504486,64,1,12672,2751,157930,1086,4976,818302,T
146135932,2319,22,350169,6121,16451,271,5916,817557,T
226450611,2316,15,479412,4436,9290,543,4584,818280,F
982139477,112,5,10528,2134,9076,814,4599,817613,T
237856676,2204,1,429780,2452,11612,543,4166,817836,T
350025168,3509,50,308792,3605,34332,1086,2720,817873,T
042651544,3532,30,91832,2308,34332,271,3226,817972,T
682960301,2297,30,50534,9629,8057,271,6384,818010,T
480694382,1521,130,346788,2336,11280,1357,3461,818296,T
589468511,36,1,5940,1774,8140,543,4571,817931,T
698121815,2289,33,100716,8057,10528,543,5027,818077,T
459431528,3586,38,885742,1739,8225,1086,4873,818229,F
346506266,3,18,624,1766,15185,271,3050,817978,T
419332486,11,1,671,5722,11280,543,6044,818304,T
076409078,1843,70,134539,4486,18801,814,3547,817407,T
594329726,3656,33,321728,2790,98706,1357,6127,817593,T
020754671,96,8,8832,2506,8583,1357,4694,818292,T
952503599,132,1,18876,3928,131609,1357,4151,817701,T
949363967,1678,102,300362,3084,9995,271,2788,818274,T
963186434,1639,95,319605,3303,52643,271,4114,817609,T
442643245,1925,56,144375,5560,27229,814,3701,817896,T
014352950,17,1,3604,3928,25472,271,4306,817818,T
957665541,62,5,1178,3494,22561,543,4434,818031,T
168959793,1,16,210,6807,98706,543,3661,818204,T
956214348,1541,109,343643,2169,157930,814,3672,817630,T
460790470,3527,34,155188,3276,16801,1086,5863,817774,T
418378026,2197,27,509704,4512,157930,814,2735,817813,F
847026913,14,1,3486,3317,9629,271,4294,817697,T
282390126,5,1,1070,1770,29246,1357,4437,817850,T
326187361,13,1,3055,3418,17946,543,3040,817835,T
010809690,3601,39,129636,6217,16115,1086,4771,817908,T
500912157,1890,72,245700,2004,9513,1357,3158,817413,T
547423174,120,1,23880,3389,9513,814,5867,818281,T
222873325,1780,90,40940,2045,17946,1086,5389,818204,T
357301659,1732,59,316956,1790,20247,1086,4388,817447,T
135434332,3607,49,50498,1964,11964,1086,5717,817754,F
457862201,3516,27,326988,6988,11444,814,4695,818140,T
909675407,1538,97,361430,3541,9870,814,2818,817898,T
278415278,3539,49,382212,1964,25472,814,2732,817773,F
860450535,1533,102,323463,2676,8583,271,3699,817388,T
825926853,1705,108,105710,2539,22561,271,4658,817476,T
503551693,3642,55,844944,2640,21934,814,5535,817687,T
718907134,36,8,8604,1893,37602,271,2883,818183,T
315406050,1584,107,342144,5522,9995,814,2974,817735,T
607550215,3633,54,61761,3345,37602,1086,4704,818268,T
574184917,127,1,24384,1811,10528,543,4983,817640,T
341348445,3633,48,810159,2364,34332,271,4983,817850,T
981198684,119,6,22491,5408,39482,543,4343,817892,T
901205734,3470,27,857090,9629,18801,814,4480,817669,T
268412927,6,1,1284,2045,14357,271,4088,817475,T
132955775,69,1,15594,3494,8583,543,3637,818217,T
086880384,1,7,76,2040,11121,271,3490,817584,T
999386715,55,1,12430,3002,24676,1357,2945,817625,T
834003801,3490,28,869010,6526,13383,543,3580,817534,T
550578965,1754,84,399912,4814,23928,1357,2938,818076,T
652055444,3522,38,91572,3672,78965,1357,3166,818230,T
925889284,3590,28,463110,2861,10967,1086,3302,817552,T
712806526,3480,55,692520,2530,49353,814,4108,818127,T
251978925,3514,58,491960,2991,157930,271,6141,817638,T
266346942,3488,36,826656,4008,10123,814,4892,817356,T
459338000,1594,126,196062,1786,16451,814,3056,817812,T
951258805,3634,35,585074,5229,8583,814,6083,817679,T
674977512,134,1,6164,7244,9748,543,5645,818197,T
672518601,1625,97,24375,1866,131609,814,4865,817628,T
034097580,1749,72,153912,2968,8773,814,3663,817424,T
276974094,1607,104,80350,1595,13614,271,2870,818291,T
696465399,1876,90,262640,2315,24676,1086,3373,817452,T
366869603,1626,101,256908,2249,11964,814,5042,817627,T
820718372,1856,52,144768,2004,7976,1357,4907,817492,T
860801635,1599,118,383760,7050,7896,271,4960,817789,T
955484389,1665,108,291375,1770,20247,543,3194,817738,T
560080880,1795,67,125650,1731,11121,814,4561,817632,T
635009524,92,1,13156,3589,12736,271,4360,817468,T
107570129,3514,56,393568,3509,8677,814,5525,818231,T
272153974,3603,52,176547,1778,9995,1357,4641,818173,F
835070213,1746,65,41904,1770,23928,814,4476,817837,T
857214089,1714,135,315376,5982,17166,271,4395,817666,T
080110709,1622,126,74612,2094,10528,543,3108,817402,T
063918083,10,1,320,1651,8057,271,6423,818149,T
181004126,3619,39,503041,1731,28201,1357,6165,817705,F
418213048,1678,104,78866,5371,35893,543,3614,817349,T
077435671,77,1,13706,1634,71786,543,4871,818129,T
174759660,1758,80,100206,2979,9290,1086,4997,817752,T
053089868,3639,27,629547,3037,9513,1086,5643,818319,T
437250534,1919,90,445208,1621,17946,1357,4195,818273,T
058487030,1637,113,214447,7244,24676,814,4800,817368,T
738608280,2359,29,301952,6635,21342,271,5951,818092,T
534480669,1895,87,185710,2800,60742,1086,3182,817798,T
160315318,1679,131,317331,6267,18364,543,2778,818283,T
237600239,3518,22,214598,1774,20247,1357,4770,817436,T
575617075,133,5,3325,3290,20780,543,5608,817903,T
319882341,3460,27,557060,4178,10123,1357,4695,818329,T
974668698,3637,32,520091,3909,39482,1357,5668,817855,T
582785757,3594,32,165324,1641,39482,1086,4832,817998,F
204668990,3591,54,570969,1716,8872,1357,5679,817688,F
612517099,1560,101,29640,2145,13383,543,6322,817976,T
463791492,3486,21,850584,1827,9400,271,5467,817375,T
880878491,1570,112,172700,3525,11444,271,3448,817536,T
979167293,1570,127,301440,2506,10390,1086,4855,818213,T
266606360,1825,77,204400,3638,20247,1086,2867,817967,T
683448203,1787,76,41101,4315,10817,1357,5463,817504,T
028485253,1658,102,245384,2357,10671,1086,4124,817404,T
082855365,1844,79,444404,3025,9513,1357,2672,818144,T
386472630,3641,29,163845,3263,9748,1357,5770,818222,T
855411453,3573,40,464490,7976,27229,543,3550,817390,T
425752674,1633,101,47357,2946,157930,814,4408,817406,T
421938041,5,16,1005,1849,9290,1086,5965,818142,T
886540499,3569,33,549626,1880,15793,543,4755,817721,F
341336516,3541,41,885250,2322,20780,543,4150,817968,T
169297520,3551,48,351549,5229,11612,814,4688,817657,T
898666358,1645,99,139825,1853,157930,814,4143,817652,T
653252686,1552,104,105536,4486,8400,814,6348,817713,T
312377661,1610,103,218960,2506,11612,814,3362,817533,T
195021313,20,1,4960,3870,46450,1357,2881,817578,T
706595027,1844,86,51632,2094,11964,1086,4095,818160,T
536752533,1519,126,151900,8225,43869,271,6110,817889,T
760265073,3513,56,372378,5094,24676,271,4112,817355,T
111121050,1688,104,249824,4134,20780,543,3433,818154,T
835556160,1606,130,324412,1959,17547,543,4809,817747,T
585272014,145,2,18560,2649,19259,1357,3030,817622,T
283387561,3625,52,199375,2371,98706,1357,4027,817450,T
112934795,3638,47,360162,3760,10817,814,2923,817458,T
341457487,35,1,700,2262,131609,1357,5464,817438,T
874408213,2179,6,379146,3851,71786,271,3661,817383,T
687498378,3490,36,240810,2256,71786,1357,5579,817849,T
625067900,1520,100,51680,2572,8312,271,5402,817783,T
682977416,11,1,1738,4436,19741,543,6147,817827,T
076924023,1926,63,306234,2597,8973,1357,4453,818138,T
651286887,5,1,480,2193,10528,543,4141,817905,T
962052400,2364,34,70920,2623,16451,271,2968,818296,F
843044964,5,1,1095,2134,28201,814,4395,818008,T
625580930,3553,39,387277,2695,22561,1086,4331,817717,T
033380848,3615,44,809760,2322,65804,543,3012,818218,T
692351251,50,1,8600,4997,28201,1086,5566,818229,T
244072707,3603,50,662952,2089,15793,543,3187,818186,T
033197743,2248,40,101160,3909,87739,271,3020,817688,F
766846974,1696,134,305280,1770,8312,543,5037,817607,T
351952659,3461,31,522611,2770,15185,543,6297,817544,T
260054592,8,6,1008,1648,17547,814,4521,818082,T
469405308,3653,19,504114,2269,27229,271,5626,818175,T
605633818,1687,117,65793,1916,31586,1086,2774,817794,T
492554049,3462,53,761640,5806,8872,814,5839,818281,T
115083150,131,5,17685,4461,8140,814,4491,818199,T
371019311,3502,59,745926,1921,98706,814,4040,818113,F
346452467,1805,80,52345,1598,10671,814,2900,817871,T
146725724,3468,25,804576,2371,31586,543,3163,818320,T
854308687,3592,36,287360,4070,9076,271,5787,817701,T
641613569,1620,105,238140,3605,87739,543,4044,818032,T
454992565,129,1,30315,2946,23225,1357,4386,817831,T
175819337,1762,64,209678,2169,17946,1357,5010,818137,T
600442670,3511,43,526650,2695,32902,543,4376,817439,T
551101735,146,19,17812,2881,9400,1357,3370,818203,T
041983019,3629,32,649591,1709,12534,271,5672,818244,F
071733959,1560,109,226200,1811,8057,271,5597,817539,T
702327636,3460,47,636640,1907,71786,1086,5403,817694,F
955523971,1571,109,307916,2913,17166,1086,3250,817490,T
245210439,1777,90,325191,1712,34332,1357,3704,817598,T
542013664,1640,95,332920,3541,28201,271,4709,817697,T
599948527,22,14,3124,3048,11121,814,2968,817839,T
489119935,8,1,648,6121,20780,814,4391,818099,T
924622405,1914,72,63162,1853,28201,1086,4269,817448,T
654881679,3567,32,470844,2979,11444,1357,2973,817464,T
481102706,1695,125,211875,9290,8140,271,3187,817787,T
496393101,1548,119,202788,1604,18364,1086,4376,817666,T
786801371,2223,32,240084,6472,11280,271,3322,817414,T
151319613,1844,86,130924,3622,14899,1086,4546,818295,T
353657684,1706,117,375320,3833,10967,271,5767,817455,T
183838282,3495,54,803850,2892,12945,543,4832,817433,T
739349068,1890,60,196560,5061,87739,1357,3477,817591,T
521363166,19,1,969,2157,14357,814,4223,817564,T
545630003,3462,46,716634,7379,37602,271,5648,818314,T
315809787,1554,135,234654,4512,27229,271,2880,817600,T
664618844,2254,32,340354,5371,23225,543,4741,817799,F
183407777,1540,115,63140,3833,39482,1086,4403,818080,T
759901871,25,21,725,1720,15793,543,3280,817954,T
092512591,2290,33,52670,6217,8490,543,4249,817538,T
605624409,3628,33,170516,8973,21342,1357,6036,817908,T
858190291,9,1,1044,4461,10817,543,4990,817659,T
788931084,1670,112,126920,1579,8140,271,4122,817755,T
960165488,3498,51,797544,1827,87739,271,2906,817416,F
984269358,3511,41,428342,3389,18364,543,4157,817861,T
684879612,3653,44,160732,2029,8872,543,5959,818332,F
394857938,2240,4,100800,8583,17166,543,3439,817747,T
608800299,3465,51,58905,1662,15185,1357,4079,817738,F
225870868,2184,25,380016,3158,23225,271,5666,817583,F
681600635,3592,39,215520,2452,11964,1086,6393,817334,T
013393772,3508,50,371848,3928,10255,1357,6375,817448,T
959336952,1805,77,245480,3360,8225,1086,3039,818282,T
945894990,1617,105,379995,4728,37602,1086,4225,818198,T
422968045,107,1,4708,2211,78965,1357,3581,817514,T
692132970,8,18,848,3360,20247,1357,4072,817677,T
535296800,93,1,1860,3360,15483,1357,3069,817941,T
193923603,1769,82,168055,1750,11444,814,5450,817683,T
100726467,17,10,3876,3478,8312,271,2673,817819,T
571341362,138,1,26772,2175,35893,1357,3635,818186,T
484254154,3577,30,704669,1641,71786,543,4995,817545,T
864581661,134,17,6164,1731,46450,543,3073,818067,T
554913880,3463,28,259725,4156,8225,543,4913,817416,T
357727164,1688,99,265016,2243,7896,271,6293,818186,T
925846359,55,1,1430,9513,11785,543,3579,817861,T
595865502,73,1,8760,2913,16451,1086,6055,818087,T
644245135,3604,30,609076,3389,19741,1086,3304,818071,T
341325482,90,1,17280,3478,16801,1086,4105,817768,T
944807038,3615,57,162675,1802,39482,814,6116,817756,F
427113464,3511,57,547716,2892,98706,543,3016,818078,T
336660004,3553,25,440572,2649,49353,543,3290,817786,T
431480490,1661,97,184371,2555,10967,543,4676,817463,T
317251153,3531,51,780351,2580,31586,1086,3681,817573,T
942890634,3480,55,720360,2243,10123,1086,5407,817652,T
046397081,1688,133,305528,2892,9748,1086,6352,818265,T
832585630,3532,42,469756,7244,23225,814,4709,817592,T
990096812,2223,18,155610,8973,21934,271,4246,817713,T
783303142,1642,104,259436,4844,16451,271,4170,817411,T
692838464,1605,111,263220,1701,11280,1086,6167,817949,T
646478877,2282,7,381094,2350,17547,543,3646,817688,T
322274049,2352,4,508032,5161,9400,271,5784,818042,T
213854640,3516,31,404340,2218,11785,814,4097,817914,T
041289922,1767,82,109554,2667,9870,1086,4944,817738,T
160651861,3623,49,775322,4245,10671,271,2930,817937,T
248246140,2302,16,103590,2083,9995,543,3492,818315,F
228229488,111,1,11544,2371,23928,543,3517,817752,T
154416891,10,1,2160,3433,41560,814,6182,817798,T
098696754,90,14,13410,2282,17547,814,4049,817525,T
942268555,1859,66,167310,3851,12945,1086,4627,817561,T
021002482,3584,34,465920,1735,14100,814,5924,817728,F
922454806,1580,98,309680,6580,15483,814,3284,818185,T
639875274,1694,125,360822,2810,32902,543,4063,818280,T
490016781,111,1,19203,3622,16451,271,5034,817380,T
611632673,1561,122,128002,1907,11785,543,4523,818113,T
877136774,3501,58,374607,1989,23928,1086,3379,817860,F
591240016,1614,135,71016,3317,9400,543,3487,817820,T
405418797,2247,20,62916,1598,13160,543,3197,818155,F
685127527,1532,106,93452,1862,15185,271,2874,817786,T
076349834,3585,44,397935,1762,9748,814,2743,817462,F
168810202,3559,42,469788,2009,20780,814,6427,817593,F
864206096,1662,131,295836,2392,10967,814,2729,817545,T
769580372,3569,20,795887,2145,11612,271,5940,818279,T
980595144,3561,37,96147,1871,20780,1357,2990,817642,F
476520048,3579,21,722958,8773,11280,1086,4164,818092,T
238630607,21,10,1491,2713,19741,1357,5045,817770,T
494808837,2334,2,452796,2288,9629,271,3275,817808,T
817921102,1659,99,384888,2187,23225,543,2801,818267,T
636459895,1586,117,356850,2094,11612,1086,3375,817596,T
243347222,9,1,1197,1724,10123,1357,3471,817823,T
375462205,1633,100,55522,2051,14623,814,5895,818204,T
745433820,1557,132,31140,1694,49353,543,3657,817725,T
158089569,124,6,16244,2800,10123,1357,3013,818188,T
707450431,3618,33,278586,3796,19259,814,6357,817893,T
365766094,16,1,2576,2935,13614,1086,5037,817558,T
828634555,3552,56,767232,2979,11444,1086,4777,818232,T
218860562,4,1,896,4291,32902,543,3227,818077,T
739634936,1619,115,399893,1960,8886,419,2124,411246,F
041619126,1765,85,400655,1840,19741,1357,4525,818055,T
907345729,3643,58,874320,1969,10123,1357,5067,817440,F
850039602,2199,5,323253,5229,9995,814,4088,817621,T
908626920,3565,21,242420,2429,17946,543,5685,818243,T
291493271,15,16,3585,1645,9182,1086,4164,818233,T
310034499,2259,24,524088,5522,12534,271,5471,817697,T
840709828,3561,43,78342,4200,10255,271,6375,817407,T
486633553,126,1,7686,1916,10817,271,6240,817684,T
726591526,3549,30,259077,1974,16451,1357,5394,817665,T
947848835,3573,21,485928,7741,27229,543,5774,817686,T
824620904,1531,130,379688,2892,37602,1086,2992,817930,T
559820654,1642,127,231522,1802,11121,814,5517,818060,T
414263122,1632,119,53856,3196,78965,543,5502,817412,T
540969663,3527,26,581955,1614,7896,543,6202,817992,T
376781699,3606,52,840198,2169,10528,543,6222,818173,T
001760429,3473,28,125028,1832,65804,271,4228,817915,T
202520236,1640,120,321440,6526,49353,1086,4480,817705,T
372035996,3496,33,489440,1645,37602,1357,5566,817544,F
152341883,3554,45,696584,6926,24676,271,6230,817466,T
405342932,1901,60,268041,1823,8583,1086,3343,817748,T
957910637,1567,102,20371,2078,12338,814,3026,818309,T
016688374,3500,55,542500,6027,25472,814,4873,817702,T
776109237,3560,20,890000,8312,71786,814,6378,817511,T
726887067,3598,53,665630,1608,12945,271,3363,818125,F
479532596,117,1,2340,7379,16801,814,3465,817636,T
820813130,3507,25,287574,4700,11444,814,3138,817969,T
201485057,2353,9,567073,1766,8225,271,5983,817371,T
780934328,3614,32,549328,1944,8140,1357,6020,817824,F
605746668,3561,57,890250,2580,8973,543,6043,817697,T
262584252,1914,70,298584,1731,13853,1357,4556,817560,T
473332887,3596,33,611320,1618,7896,1086,5744,817773,F
763802204,1546,115,176244,4512,98706,814,6008,818261,T
397681889,8,12,352,10671,9629,543,3386,817639,T
634105748,2305,40,470220,7520,11964,814,4900,817406,T
624476766,114,14,5928,1727,13853,543,4878,818281,T
809027575,3458,19,774592,3223,12338,1086,4902,817786,T
497505088,3593,37,154499,1604,29246,814,3561,818262,F
537267373,3603,26,590892,2350,32902,543,3435,817446,T
147217847,3656,45,391192,2122,43869,1086,5690,817605,T
790847533,131,1,31833,3418,17166,1086,4835,817800,T
675067798,12,1,1644,2193,9513,1086,5620,817711,T
361798566,145,1,7250,5680,10123,1357,3199,817905,T
334206789,1697,119,354673,2169,10390,1086,3202,817757,T
898565765,1587,105,136482,7114,9290,271,5071,818213,T
279889461,3576,28,182376,2881,9400,1086,4755,817609,T
393736906,7,1,252,2378,71786,271,5000,817962,T
863902086,2339,28,35085,2111,13160,271,4432,817384,F
254567117,1544,110,245496,1916,19741,1086,3232,817951,T
556994940,3604,38,890188,1786,78965,543,2914,818320,F
223007769,3547,28,524956,3290,8057,1086,4969,818252,T
220967508,2278,17,273360,2830,24676,271,3629,818225,F
565025021,1842,90,403398,4512,14899,1357,3193,817753,T
877402429,3556,39,384048,3060,131609,814,2823,817895,T
291170127,3597,58,226611,2249,9182,1357,2806,817480,T
440730105,1812,53,333408,2790,12148,1086,3673,817586,T
972681546,105,1,22995,4200,87739,271,4793,817390,T
130638096,3643,27,462661,6169,10255,1357,4464,818066,T
281225036,3508,26,824380,5264,112807,814,3251,817705,T
952936664,1563,110,257895,8225,14899,271,3712,818215,T
276467399,50,1,4900,1624,9076,814,4657,817548,T
644413107,13,1,1365,4338,13383,814,4516,817347,T
866087998,1901,78,24713,4112,10123,1357,4169,818012,T
361058685,1523,120,170576,2067,13160,271,6026,817818,T
042146858,1878,51,125826,3988,11785,814,4558,817855,T
950718307,3567,42,438741,4814,9748,1086,5430,817759,T
191292995,3581,35,376005,2262,13614,1086,3396,817531,T
404408853,1840,77,64400,3209,15793,1357,4656,818123,T
963246737,1532,122,252780,1893,8312,543,6040,817585,T
073968895,83,6,2490,2288,9748,1086,4529,817686,T
906375973,2200,37,94600,3478,10255,543,2903,817642,F
076050889,3632,27,334144,2035,41560,1086,4506,817839,T
335964933,3633,43,603078,1766,10671,814,2773,817678,F
155499480,2340,18,189540,3331,52643,543,2759,817786,F
885271137,3609,22,779544,4268,13383,814,4337,817572,T
258584314,2189,22,326161,4844,71786,543,3579,818320,F
924012201,3582,58,834606,2218,15483,271,2729,818152,T
201923438,92,17,1656,2329,19259,814,3176,817602,T
166654576,2341,8,227077,2830,11785,271,5673,818209,T
848405250,1585,130,158500,2979,12945,814,3651,818195,T
171388236,83,1,7138,4700,13160,1086,6175,817958,T
283134994,92,8,10580,3133,8400,814,4930,817604,T
569971414,31,1,6758,4461,9290,543,3619,817904,T
540708006,3618,50,101304,1735,20247,814,5412,817380,F
428927069,1531,102,321510,1669,8400,1086,5931,817346,T
000723309,121,1,9680,2422,8973,814,5545,817929,T
060105895,1924,59,427128,10255,14100,1357,2780,817912,T
340194352,3582,44,891918,3672,8583,1086,5708,818327,T
358666452,18,1,2880,1875,65804,1357,3057,817898,T
423475469,1624,129,159152,3133,7976,1086,5846,817667,T
620668095,14,5,700,1880,13383,543,4712,817367,T
405326411,3550,47,852000,1954,10817,1086,6106,817860,F
395772586,2270,35,236080,5763,8312,1086,3418,818222,T
641910037,3557,39,789654,3013,24676,1357,6389,818105,T
232696863,1694,132,274428,1806,60742,1086,6310,817596,T
649624665,1831,77,148311,2205,14623,1086,3704,817736,T
328693996,3462,54,751254,1989,9995,1357,3051,817627,F
742931958,1647,102,391986,1582,8400,271,6054,817957,T
117127234,2271,21,542769,6461,6238,86,1249,556059,T
265240211,1599,132,68757,2083,10123,1086,4356,818037,T
490628615,1579,134,151584,2169,14623,543,6098,818046,T
256995979,2289,15,180831,5195,19741,271,4146,818163,F
201336726,1866,86,115692,2004,60742,1357,5013,818056,T
586269616,19,1,1748,1634,60742,1086,5431,817939,T
139734625,3628,50,116096,7896,10390,1357,4914,818284,T
479178641,1869,66,142044,2128,21934,1357,5523,817903,T
568728999,53,6,8692,2014,15185,1357,5020,818148,T
935656214,3468,47,766428,2122,8225,1086,4145,817503,T
669077314,18,1,3312,2407,13160,271,5665,817530,T
650885555,2269,12,344888,1782,29246,543,3182,817716,T
541478670,2297,39,447915,3025,34332,543,2791,818175,F
102579629,13,13,325,2555,43869,271,5967,818158,T
095483473,3490,20,453700,2282,8312,543,3669,817393,T
020078370,2238,32,387174,4486,31586,271,4912,818300,F
625213479,1791,72,177309,2407,8140,1086,2831,817737,T
055469883,1618,121,339780,3331,12338,814,5898,817398,T
811879770,3493,29,199101,1645,131609,814,6375,818341,T
311945094,1572,129,213792,2067,10255,543,5392,817565,T
663093543,1752,69,57816,3478,10817,1357,2807,817522,T
886937210,104,20,13312,1858,7896,1086,4212,817724,T
670910306,1680,113,376320,3833,11280,1357,3120,817923,T
338632292,142,7,14200,3013,78965,1357,3043,818238,T
285667095,3635,37,821510,1634,8400,1086,5674,818281,F
340553296,1,1,33,5560,9290,1086,4583,817670,T
686596013,86,17,19608,2649,10528,814,3490,817376,T
826875580,1574,131,283320,8057,12736,1357,4599,817522,T
030302431,2242,18,461852,1989,78965,271,3041,817775,F
680549923,2201,3,325748,2459,39482,543,4174,818165,T
989654170,72,10,3024,2211,10528,1357,2843,817796,T
911026910,44,7,9988,1641,12534,1357,2864,818131,T
969192821,2262,15,398112,2163,11121,543,4766,818228,F
683169420,3621,52,79662,9290,98706,814,4585,817399,T
499920530,1654,119,19848,2249,17946,543,6023,817664,T
403173330,16,16,2912,2051,20780,543,2681,817952,T
540267655,1910,66,19100,2830,23928,814,4848,817589,T
585428045,1709,98,246096,2820,8490,1086,4571,818294,T
317462676,1603,118,80150,1618,13853,271,2835,817497,T
251347980,1558,108,23370,7818,98706,543,6324,817774,T
627909854,1680,113,174720,1770,71786,1086,3385,817889,T
201290990,1534,103,260780,8490,43869,543,6112,818136,T
877278508,1703,105,253747,10390,15793,814,4262,818226,T
704154286,13,16,3237,3851,7976,543,5667,817623,T
977183332,1536,135,133632,3448,52643,543,6154,817533,T
586140405,1614,104,287292,5094,10390,271,6166,818292,T
450442875,3609,21,812025,1631,10390,1357,4535,818101,T
979706690,2228,15,218344,1592,13853,271,4415,818255,F
119409222,1682,126,334718,3742,13383,814,3040,817816,T
640388729,3620,55,76020,4700,21934,1086,4206,818306,T
500011977,1657,100,250207,3236,10123,814,5818,817976,T
365893302,1638,111,298116,1662,22561,814,5717,817789,T
713879016,2264,5,72448,5849,46450,814,3642,817376,T
109788739,15,16,780,2437,112807,1357,3264,817770,T
455322311,16,1,2816,1694,16801,1357,3039,817715,T
146118407,3531,56,112992,2649,46450,1086,3459,817354,T
926115881,3621,27,662643,3707,78965,1357,2684,817793,T
169060756,1580,130,162740,2850,22561,543,5954,817684,T
927624231,3493,48,859278,2117,11280,1357,2903,817387,T
081569670,3498,33,416262,2336,25472,543,6244,817370,T
741449616,3586,42,193644,6749,28201,543,6248,818084,T
225970030,3630,19,526350,2924,21342,271,6071,818049,T
047967640,19,1,1463,1680,112807,814,4599,817416,T
814747523,3615,32,466335,2288,20247,1086,5604,817564,T
559486246,3479,26,622741,1618,20247,814,4512,817351,T
964284446,3462,54,356586,2810,11964,814,5825,818223,T
059396825,1875,79,18750,4156,18801,1086,3393,817779,T
026937225,1754,60,36834,6807,11964,814,4260,817520,T
927098558,118,14,22420,2243,20780,1357,3709,817653,T
849399554,3468,48,180336,1770,11612,543,4300,817822,F
092879588,1910,81,59210,2230,19741,1086,2987,817405,T
732101912,14,20,1218,2658,8400,1357,3533,817952,T
817443578,3607,29,660081,6419,23225,543,4949,817626,T
875557871,1597,109,284266,3948,32902,271,3671,818096,T
842864479,2322,25,34830,2597,20780,271,3591,818128,F
673704623,4,1,520,2871,15483,1357,4376,817489,T
351277709,1865,75,408435,2871,13614,1357,4044,817546,T
754927209,1675,133,417075,2329,46450,814,6043,818337,T
610766873,99,1,3960,7114,15185,543,2784,818255,T
439740383,1694,109,254100,3494,9182,271,5761,817943,T
835155256,3579,52,440217,6419,37602,1357,5584,817775,T
627778715,1802,75,34238,6121,8400,1086,5611,817384,T
400535466,7,4,392,2530,24676,1357,3264,817355,T
302759825,3458,51,186732,2820,23225,543,2673,818147,T
638617241,122,3,28182,2072,157930,1086,2945,817834,T
345538675,3638,58,574804,2695,21934,543,5515,817501,T
967386434,3556,53,412496,2163,22561,271,5693,817459,T
499928421,1598,121,161398,5640,16451,1086,5010,818220,T
319912195,1671,96,170442,2308,14357,271,5812,818278,T
679019008,1700,103,193800,1984,9076,814,2935,817819,T
886688933,1572,112,194928,1601,112807,271,3262,817779,T
505994048,3573,35,453771,2151,9748,271,5031,818109,T
636012293,3616,34,444768,7449,7896,814,4537,818219,T
222736198,1593,101,245322,3276,43869,271,5015,817807,T
710365675,2203,38,378916,9076,23928,543,4074,817756,T
877647483,1846,65,182754,4245,37602,814,4510,817534,T
595903898,3557,49,220534,1631,19741,1357,5706,818024,F
841497038,2318,34,324520,4564,15185,814,3712,817400,F
343169904,14,1,1848,2810,20247,1086,5983,817541,T
571678202,1549,101,137861,1770,7896,1086,2865,818211,T
983637992,13,15,949,7896,17166,814,4798,817852,T
388150462,1647,125,373869,7976,10390,543,4379,817596,T
949382871,3572,48,282188,1731,9076,543,4685,818040,F
140031107,1846,74,199368,5299,8225,814,2841,817958,T
641707139,2237,40,366868,4538,10817,271,4502,818179,F
537050099,3548,34,769916,4935,37602,543,4528,818312,T
671284010,3538,22,842044,1618,16451,1357,3356,818122,T
493879182,1851,66,253587,2009,65804,814,4182,818209,T
752700726,1668,133,323592,2547,10671,1086,2708,817941,T
584269771,3540,27,329220,4411,10671,1357,5397,817966,T
046003004,37,1,4366,2491,16801,814,5906,817592,T
686240838,1618,114,76046,4966,49353,1086,4267,817900,T
817189522,3612,22,256452,2555,26321,543,2738,817879,T
918051737,3619,21,665896,5445,9290,814,5772,818245,T
570286666,45,1,5220,3622,39482,1357,3488,817718,T
752611420,1905,56,72390,6749,131609,1086,4478,817800,T
969443827,1683,119,63954,1750,24676,271,4431,817498,T
798421447,46,1,10718,29,233,782,1993,11346,T
154304449,3564,59,776952,2105,16801,271,6420,817592,T
123744168,2355,13,438030,2861,11444,271,5440,817976,F
230530373,2248,23,402392,7896,60742,543,5705,817630,T
218778555,3606,39,843804,2547,10123,543,5478,817904,T
737362925,10,14,300,2169,13383,1357,3222,817630,T
287018329,5,1,480,1862,10390,1086,4878,818258,T
893076553,3644,38,262368,4904,26321,814,3319,818004,T
035706985,97,1,17072,3002,13160,1086,6326,817794,T
011771697,1654,129,330800,1618,14899,1086,5509,818183,T
240573765,3584,38,286720,5094,8312,814,5465,817524,T
287252475,1734,56,81498,5029,9076,1357,3083,818234,T
946520352,3618,50,553554,2072,16801,1357,4763,817903,T
667499733,79,1,3634,2597,17946,814,5791,817688,T
336945659,2283,14,554769,5127,10255,814,4812,818311,F
756357072,138,20,30360,2067,8872,271,2907,817676,T
109768356,113,3,10170,2072,14899,543,2674,817451,T
366527419,3476,39,392788,4222,11280,543,3583,817811,T
497154551,2294,7,470270,4070,9290,543,4748,818155,T
036033360,125,19,20000,1705,34332,271,5669,817858,T
446897837,1667,127,118357,2547,10671,1086,4582,817777,T
808821409,3517,26,179367,3525,15185,1086,5562,817545,T
152027797,3564,31,260172,4070,78965,1086,2714,817651,T
818505877,2248,26,260768,2467,10817,271,5408,817544,F
158259896,2281,7,310216,2175,20247,271,3136,817912,T
408585638,2357,2,186203,2732,14623,271,4290,817903,T
937196069,35,3,8400,2111,10123,1086,5762,817597,T
349977132,2258,34,275476,4617,11964,271,2909,817428,F
842387439,3641,50,790097,5061,8677,1357,3414,817334,T
431202065,13,1,1664,1959,28201,271,5419,818010,T
553396776,28,1,5068,2392,9076,1357,4712,818335,T
230809569,1549,134,370211,3742,8773,1357,2783,818331,T
265917292,3562,42,541424,1669,46450,1086,4461,817361,F
946408964,3528,40,359856,1645,13160,1086,4749,818332,F
109747063,67,1,5159,3096,9629,543,3519,817847,T
943896784,14,1,2352,4645,20247,543,5961,818083,T
280944574,1647,111,337635,2193,12945,1357,2739,817818,T
644212150,1608,133,250848,7818,13614,271,3179,818065,T
805985999,3469,49,128353,3072,56403,814,4135,818315,T
720151382,10,1,1240,8057,10967,1086,4597,817722,T
383445595,1631,104,73395,2193,8973,814,4555,817874,T
273310911,1666,110,119952,2530,9076,814,5805,817667,T
031578916,3635,29,210830,2555,8973,1357,3314,817692,T
441019135,1798,84,86304,3448,13614,1086,5391,817891,T
727784248,3648,36,642048,5029,32902,543,5635,817569,T
227836237,3577,43,872788,2979,56403,814,4816,818217,T
986489716,3547,54,202179,1724,11280,543,4470,817642,F
417096565,1699,108,39077,5335,10123,271,2867,817834,T
178390964,20,14,1020,1595,56403,271,4651,817760,T
237969474,104,1,21424,8140,15483,1086,5401,817700,T
423259220,5,3,680,9513,10528,814,3302,817757,T
634877029,11,18,2607,2236,25472,814,3172,817365,T
310004833,1869,62,132699,3589,37602,814,4979,817957,T
863443826,1635,129,307380,3060,16451,543,5070,818279,T
642927119,39,17,1989,4591,26321,543,6198,817832,T
942280202,3591,36,693063,2139,25472,1357,3134,818250,T
825607443,3492,20,747288,2100,16801,271,4288,818175,T
729469492,3627,49,554931,1631,39482,543,6151,818019,F
691517392,2294,2,149110,7311,23225,1086,3131,817980,T
380663090,3470,29,416400,4591,9400,543,6327,818284,T
906236782,1527,103,358845,2881,12736,271,4337,817361,T
739768135,1653,98,170259,1880,23928,271,5906,818236,T
063418833,3598,43,187096,1588,46450,1086,3065,818198,F
292070536,1852,64,298172,2128,13160,1086,4123,817394,T
878782819,1707,129,29019,1802,9076,814,4608,818230,T
031983611,2314,26,157352,6749,87739,271,2687,817819,T
677266369,11,1,957,3389,15483,1357,4579,818223,T
802857275,1929,88,258486,3796,98706,1086,2929,817420,T
560741343,1805,60,400710,1758,8677,1357,4620,817765,T
612292369,20,1,1760,3331,9182,271,2693,817922,T
141511516,1524,107,41148,2128,78965,271,4408,818201,T
845227603,1916,88,183936,1994,14357,1357,5636,818250,T
955923191,1675,103,293125,3557,27229,814,4208,818118,T
098222419,1606,114,200750,3448,8677,543,6315,818169,T
041809709,143,2,28314,8400,10967,814,3392,818307,T
312146994,1904,89,401744,1889,16801,1357,3483,818038,T
499934830,6,1,612,1853,10967,271,6047,817678,T
113287137,1522,101,340928,4156,8400,814,2832,817768,T
972436127,3516,26,91416,4785,16451,814,2884,818338,T
624875416,2336,14,114464,2695,8583,271,6386,817496,F
923473200,110,18,22440,1806,14100,1086,4174,818023,T
027120822,3561,55,42732,2957,49353,543,3229,817763,T
833102930,14,6,2716,4070,34332,271,3026,818144,T
836875595,3466,53,395124,4874,9870,1086,6000,818215,T
902239716,3656,34,500872,2128,21342,271,5606,817429,T
868710186,3586,43,35860,2539,10390,543,3593,817740,T
993824520,3606,47,46878,6217,112807,543,6018,817622,T
503037501,31,1,6355,1907,10123,1086,3396,818032,T
678578757,1537,118,185977,8973,27229,814,3186,818175,T
929162109,1610,104,283360,1648,8973,543,6352,817705,T
552981722,1591,123,375476,2589,12148,1086,4300,817764,T
707627318,3543,50,336585,3689,34332,814,2685,817652,T
701005187,1557,98,105876,3622,65804,543,4342,818095,T
903754465,1851,90,436836,1766,16801,1357,4584,817483,T
046491634,108,3,19548,2820,21342,1086,5829,817702,T
071642410,3648,59,218880,3968,11280,543,4866,817341,T
346286655,1610,126,371910,5982,43869,543,3455,817970,T
004798629,1604,127,378544,2045,10817,1357,5041,817522,T
752587236,2183,26,299071,1588,49353,271,3011,817949,F
654226807,28,1,1176,1618,9076,1357,4569,817761,T
695377982,16,1,2336,6866,10671,1086,3601,818189,T
387407078,3512,23,266912,1898,112807,814,5524,817787,T
847288908,8,1,752,3331,15793,1086,2747,817578,T
327629428,1625,115,117000,1959,25472,271,5618,817627,T
488319608,1642,95,316906,3133,13383,1086,4368,818040,T
000430399,1614,98,372834,1798,11612,814,5068,818051,T
988442450,1707,132,122904,6121,23225,543,3444,818121,T
785954076,1682,117,250618,3968,27229,1086,4930,818201,T
772933959,1732,86,39836,1618,23225,1357,3074,818251,T
898110075,1679,126,407997,3851,8677,814,5819,818130,T
096521645,3,5,642,1701,10671,1357,5066,817856,T
249856484,3566,29,381562,5029,27229,814,4354,817791,T
615512928,3607,38,779112,2903,8973,543,3601,817637,T
477452367,3653,21,705029,1902,14357,1357,3549,818046,T
802824955,2196,11,52704,7976,21342,271,6245,817901,T
275856855,1527,131,371061,2078,11280,1357,2690,817409,T
889809863,2261,30,33915,4362,43869,814,3085,818128,F
239297415,2335,33,450655,1601,15185,271,3617,818324,F
266990932,2187,11,157464,2741,7896,271,5424,818000,T
015970471,1583,110,109227,6368,25472,543,3085,818315,T
791352495,1595,105,325380,9182,10671,814,4623,817676,T
820662640,116,10,28304,2530,11121,1357,4031,818146,T
380986535,23,1,1886,2193,8872,543,6404,818084,T
197672336,127,10,20066,2722,10255,271,6143,817942,T
567411682,18,15,2070,1898,46450,271,5895,817746,T
902677668,3597,20,392073,1716,14357,271,4793,817421,T
810304912,2213,29,351867,9870,39482,271,4182,817812,T
310770879,5,1,410,2134,11121,271,6090,818177,T
036908862,3616,47,39776,2089,8973,1357,3681,817487,T
962038904,48,1,6240,1585,11444,814,3120,817731,T
635017525,43,19,5031,5161,10255,543,5643,817781,T
301754596,3618,32,126630,3345,71786,814,6315,817665,T
774329767,1696,100,369728,2385,31586,271,3511,818220,T
281500766,94,1,15604,1770,8490,814,4717,817813,T
608272601,14,1,2982,7114,8400,814,4073,817466,T
190580714,22,19,2750,3133,56403,543,4419,818195,T
125795497,1574,102,317948,1766,14357,1086,4933,817561,T
407228971,3523,35,739830,1836,157930,1357,2839,818225,F
281752656,2235,35,178800,2392,12148,271,5610,818146,F
762731917,120,11,21480,7178,11444,1086,6163,817517,T
677911146,1708,129,97356,4070,32902,543,2999,817501,T
838358435,3497,44,279760,3707,8973,814,6124,817954,T
966221467,2223,7,322335,3478,18801,271,3283,817423,T
414587741,3612,59,534576,2522,22561,814,3310,817554,T
366069360,55,1,1430,1631,16115,1086,5700,818293,T
873517337,3641,33,618970,4091,28201,1086,4672,818322,T
713522738,20,18,1760,3589,24676,814,6190,818262,T
241871066,2354,10,327206,1720,29246,271,2682,817631,T
464069122,3613,25,599758,2205,30371,543,4595,817495,T
059236283,1604,117,343256,5722,157930,543,3036,817401,T
569216403,1630,96,89650,2315,21934,814,5426,817776,T
423438302,1,9,109,1884,9076,271,3258,817569,T
291972859,3482,21,637206,3037,7976,543,4259,817570,T
488668975,1597,103,290654,1672,10967,543,6101,817634,T
904300269,3574,38,696930,1582,37602,1357,5591,817602,F
566509537,3592,32,46696,4008,14899,271,4811,817352,T
996420452,3538,27,587308,5229,10671,1086,2680,818263,T
214426888,1681,118,105903,1585,20780,1086,3669,817717,T
720640797,1584,117,221760,1690,14899,814,4736,817345,T
526269609,3554,36,604180,3889,157930,543,6246,818212,T
924054982,2241,37,463887,6169,8490,543,4795,817846,T
431727294,77,1,7084,2547,43869,814,2765,817790,T
800784235,1712,131,198592,1758,10671,814,4895,817768,T
919018637,1636,102,34356,2640,12338,1086,3478,818109,T
562393552,3548,27,361896,7449,8140,543,6121,817631,T
153971099,3495,46,723465,7449,8872,271,6376,817590,T
942940431,1646,118,408208,1790,18801,814,3440,817466,T
789616779,2276,18,191184,2357,12338,271,4421,817611,F
395462785,1553,110,149088,1758,46450,814,4339,817746,T
421153786,3596,46,823484,1727,23928,1357,3023,817357,F
492956832,3508,29,350800,8677,11964,814,6010,817507,T
883898848,20,13,3160,1989,34332,1357,4469,818322,T
583456076,3505,20,602860,3928,65804,814,5727,818124,T
552173435,3610,23,664240,3048,49353,543,5723,817988,T
297028101,1831,80,239861,3494,43869,1086,4465,817540,T
322982255,1681,97,252150,2302,13614,543,4213,818168,T
446316832,3603,50,57648,2732,52643,1086,4614,818093,T
933418218,1610,111,392840,10671,12945,271,6274,817764,T
925019255,3629,58,308465,6267,9748,1357,3043,818238,T
625432532,1551,105,286935,1658,8872,814,2999,817871,T
281247790,1564,98,287776,4997,25472,814,2978,817929,T
668039723,5,1,485,1819,12148,814,4124,818007,T
046751554,3464,33,595808,2128,9513,814,5009,818151,T
435161836,3489,36,111648,6419,35893,1357,5744,818275,T
579890039,1886,88,228206,5195,25472,1086,4645,817744,T
467877874,1706,98,221780,1989,10123,814,5584,817701,T
149857914,1526,114,173964,4874,87739,814,4661,817785,T
526313412,3559,42,156596,1999,12945,814,6326,818298,F
923436573,3586,45,150612,2861,13383,543,3579,817879,T
807771000,16,21,2544,1994,60742,543,4365,817958,T
986007132,3621,59,677127,2810,27229,1357,5059,817396,T
312555689,56,12,8680,6419,12338,814,2896,818279,T
603422211,5,12,815,4315,37602,1086,5536,817673,T
294761683,116,1,2900,1690,65804,543,5715,817347,T
902213176,3654,38,453096,3655,20247,271,4899,817997,T
156556502,18,1,3294,2968,22561,271,3494,817351,T
269199074,3540,27,690300,1949,19741,271,4216,818221,T
087538643,2265,28,561720,1669,12945,814,3430,817660,F
066449423,3496,43,552368,1770,17166,814,5782,818217,F
645298226,79,6,10507,3928,34332,814,5869,817702,T
056575013,1889,71,136008,10528,10817,814,5724,817508,T
595374786,3624,54,906000,5299,12148,271,3688,817894,T
081920012,59,1,8496,2230,11444,543,6062,818159,T
248269020,1684,99,254284,1628,37602,543,5066,817623,T
973254774,1710,96,133380,2364,22561,543,4130,817695,T
421230200,3517,36,288394,1582,46450,1086,6303,817479,F
763094536,2219,6,534779,1754,25472,543,4511,817411,T
266366682,1528,127,120712,3072,24676,271,3273,818248,T
302339790,1711,100,372998,3605,12148,271,6116,817634,T
574130866,1539,102,156978,2211,11444,1086,3431,817862,T
998319257,3639,35,593157,2903,9076,271,4901,817940,T
094467935,1880,61,199280,4291,8583,814,5000,817354,T
721421227,2365,32,428065,8490,32902,543,3527,817397,T
850236613,3532,29,734656,1774,11964,1086,4982,817600,T
023205576,88,1,4048,2572,16801,814,6321,818016,T
122453448,2226,7,425166,5408,9182,814,3024,817826,T
156153398,3575,31,765050,4315,9870,814,2713,817437,T
863935257,2300,12,243800,1819,13614,271,4952,818137,T
050136610,4,1,92,1916,39482,814,3057,818190,T
470222676,3567,25,831111,4591,8973,1357,5578,817613,T
860243827,1653,104,26448,3541,8677,543,4186,817725,T
837877161,130,1,19890,1614,11964,543,6425,817786,T
053185898,9,3,1827,1579,65804,543,3458,817506,T
993183677,3531,29,741510,2343,43869,543,5643,817689,T
345261699,145,1,27405,1949,8677,543,4222,817915,T
352650050,2191,1,304549,2563,8490,814,3408,817850,T
089336948,3523,41,172627,3209,17547,1086,4448,817696,T
313686515,3636,39,330876,2094,157930,543,4057,818070,T
003177414,1801,80,45025,2623,10817,814,5738,817546,T
553278209,3498,28,745074,1871,8057,543,5421,817797,T
312585661,56,1,3752,2357,25472,271,6001,817477,T
281283673,3578,48,601104,2539,8400,814,2743,817382,T
128828695,1597,106,156506,1598,11785,1086,3406,817526,T
488595308,1774,78,177400,3557,157930,1357,4611,817983,T
974805466,1755,73,268515,1884,23928,1357,3422,817410,T
445708890,2188,14,540436,2230,17946,543,4186,817798,F
642876995,2183,14,137529,10967,17547,543,5900,818074,T
375627649,1603,115,375102,2514,131609,543,4408,817623,T
533820127,3639,59,254730,2040,11444,814,6165,818258,F
505888964,1835,80,245890,1984,32902,1086,5426,818116,T
458717018,95,1,6175,2991,18801,814,4676,817512,T
083995600,18,1,738,1631,19741,1086,4565,817882,T
585304161,3601,44,259272,3796,8973,1086,2807,818036,T
920369705,1596,129,108528,1921,23225,814,5747,818060,T
821380394,80,14,2800,2850,7976,1086,4297,818181,T
890669178,1605,107,126795,2288,10967,1086,4025,817515,T
900106147,2186,17,128974,4874,9076,1086,3688,817374,F
990721986,3593,37,237138,2061,8225,271,5740,817555,T
060075382,3619,28,209902,6807,9182,814,5417,817996,T
415351804,1847,70,188394,2134,35893,1086,5431,818190,T
137527899,3578,28,239726,11280,8872,271,5993,818218,T
512944893,1898,70,20878,2400,10817,1086,2929,818298,T
385502529,1618,131,346252,4091,20247,271,3195,817500,T
369229007,2326,5,188406,5061,9870,271,2831,817771,T
425237258,3626,56,580160,3742,14899,271,6315,818303,T
408386264,1623,116,259680,2522,8677,543,3477,817874,T
743027191,7,17,1617,1720,9290,271,5634,817890,T
340310276,1673,129,185703,3573,78965,271,3072,818219,T
262952349,3580,40,404540,6472,12736,543,6144,818295,T
743327647,2326,22,388442,3072,43869,543,4077,817754,F
159132256,3609,49,129924,2968,9400,814,5064,817698,T
669663092,3464,19,221696,3689,15185,543,6265,818167,T
216497904,20,1,1380,10671,8973,814,3576,818150,T
403770604,135,8,17685,2094,9290,1357,5395,817759,T
794966034,103,15,19673,3196,10817,543,5596,817777,T
153979055,1609,122,204343,2169,14899,1086,5421,817625,T
170031627,3468,37,183804,8140,12736,1086,3112,817592,T
958582999,3497,42,580502,10390,19259,1086,4083,817439,T
288361293,3513,55,38643,2913,10123,814,6001,817749,T
366683385,1824,79,198816,7050,8583,1086,2913,818054,T
148584825,1659,101,129402,2957,21934,814,4898,817504,T
466022166,86,16,12470,3290,9182,271,3383,817503,T
572184055,12,1,1476,2364,39482,814,2809,817577,T
038095078,3592,54,563944,2732,8773,543,5734,818289,T
337223316,102,11,1326,4008,23928,271,2707,818148,T
103373313,1769,56,357338,1739,10528,1357,4850,818287,T
711782681,1602,128,217872,8583,34332,1086,5672,817880,T
986349747,1822,88,366222,7178,8490,1357,4379,817932,T
348137222,2190,34,477420,2392,10255,271,4857,817481,F
727949078,1567,128,275792,2218,8400,271,2894,817880,T
431265650,1562,135,29678,2128,43869,1086,4249,817514,T
618499246,28,1,3584,1898,8583,271,5736,818343,T
608570385,17,19,1666,4156,26321,814,3644,817811,T
867214751,3549,44,53235,1676,12945,1357,4180,817837,F
757195975,3590,33,211810,2094,29246,271,4136,817450,T
383242496,3618,29,618678,1727,11612,1086,2720,817833,T
819788516,3531,52,607332,1798,9870,271,4783,818339,F
406221610,106,1,16112,3096,7976,1357,2803,817802,T
599589917,16,4,2560,2205,9513,1357,5976,818214,T
564479149,2176,18,126208,2111,7976,543,4822,817505,F
157951187,3592,48,689664,3025,41560,543,4038,818073,T
300808086,1685,100,195460,1969,35893,814,5799,817442,T
610791792,14,1,2996,8225,18801,1357,2877,818326,T
317048331,1659,117,155946,1735,56403,271,4355,817806,T
015907912,2302,1,552480,1724,65804,814,2734,818020,T
317914247,110,1,3410,2343,17166,1086,4456,817843,T
756028131,122,10,15616,4512,12148,271,6349,818062,T
495182999,1553,99,287305,2498,13853,814,3234,818048,T
087007781,7,1,322,3303,9513,271,5504,817488,T
768279655,12,1,288,3060,19259,543,3392,817912,T
030714639,1693,104,352144,1875,21934,814,5759,817553,T
378365019,3,16,351,1949,131609,814,3364,818305,T
638413644,3543,41,152349,3760,8677,1086,4916,817895,T
651695900,1829,70,206677,580,2246,1450,3093,210389,F
365756962,91,1,7189,2810,49353,543,4505,818337,T
272711015,1663,113,231157,7818,12338,1086,3349,818120,T
075707057,3623,22,634025,2780,10255,1086,2900,817384,T
270649262,3644,28,233216,3622,9870,1357,4708,818260,T
715412591,1823,60,36460,1645,9995,814,4985,817816,T
259393259,41,19,6642,2491,19741,271,6098,817984,T
049181834,1781,70,81926,6635,17547,1086,2713,817476,T
724735453,1892,85,281908,2009,87739,1086,4658,818180,T
053560568,1620,127,147420,4756,71786,543,3624,817464,T
789098019,83,16,13363,1669,65804,543,2723,817957,T
952825893,18,8,432,1999,11785,543,6391,817947,T
821389106,11,1,2365,2151,19741,543,3597,817433,T
441125360,1708,119,343308,5299,13853,1357,3151,817623,T
546092906,2306,13,71486,1638,157930,271,5696,817405,F
449618862,76,1,15200,1770,28201,1086,4274,817353,T
735300558,2233,25,399707,4874,30371,271,3009,818122,F
813217548,3622,39,449128,1840,21342,271,3563,817736,F
732704548,3566,47,263884,4222,12945,814,4584,817402,T
545133685,1633,106,83283,1648,71786,543,3429,817659,T
749030571,1563,121,339171,3655,27229,543,4315,818114,T
651297077,2212,16,358344,5335,8773,271,3657,817795,F
279523096,1560,95,327600,3928,8583,271,5461,817958,T
918612073,1552,109,276256,2019,10967,814,4161,817749,T
564890222,3638,21,862206,1911,17166,543,6066,817793,T
470885534,1560,124,193440,7976,11444,543,3627,817738,T
074963808,3501,43,437625,2667,9748,271,4772,817975,T
907275633,6,18,1488,1832,13383,814,6428,817919,T
756987822,3496,28,328624,1898,41560,543,6093,818137,T
382109409,3548,19,337060,3448,15483,543,3592,817471,T
194142836,1,9,196,1595,21342,1357,5044,818205,T
459105109,1569,104,54915,9182,14899,1086,3566,817824,T
669738242,1873,88,161078,6027,20247,1086,2715,817983,T
217498492,1643,131,239878,1676,60742,1086,5612,818166,T
702560630,1605,124,309765,5264,26321,543,2959,817915,T
371946127,1529,98,331793,2014,18364,271,6211,817787,T
868561381,2293,35,194905,5161,15793,543,4721,818062,F
403103700,3649,58,211642,3541,20247,814,5501,818078,T
702949725,1929,56,225693,3478,52643,1086,2821,817668,T
961423048,3474,47,614898,1989,11785,1086,4987,818058,F
508540127,3533,26,568813,4436,8140,814,5850,818127,T
684219480,1701,120,234738,7592,157930,814,2793,817390,T
905188824,29,14,1856,4362,39482,814,6213,817512,T
176108297,1,5,151,11121,23928,1086,5417,818225,T
321912020,19,1,228,3096,25472,1357,3377,817905,T
424110105,2293,27,460893,6472,11121,1086,4430,817744,T
569045020,1615,101,263245,1747,49353,814,3412,818059,T
051833372,1622,118,358462,8773,9076,814,5647,818120,T
494040414,2233,2,448833,2483,78965,271,3287,817491,T
988662251,3566,33,249620,2392,10671,1086,2780,817491,T
644584985,3609,38,876987,7379,14100,1357,5472,817592,T
439554934,99,9,19107,3108,39482,1357,4191,818039,T
947352706,3476,56,48664,1716,112807,1086,4664,817490,F
040411546,21,13,2814,1844,157930,271,3655,817617,T
470374578,1640,131,246000,2051,32902,271,5755,817744,T
373769324,1642,108,160916,2407,21934,1086,3657,817739,T
667014792,7,1,532,4178,11785,543,3672,817858,T
635251034,23,1,4692,3433,46450,1357,2685,818255,T
676333473,1839,67,228036,1716,18364,1357,4377,817495,T
057161985,16,15,3056,3236,11444,1357,3608,817506,T
249691543,3547,19,471751,2024,23928,1357,6384,817355,T
780920967,3482,25,376056,2444,9400,271,6113,817927,T
886783295,1864,81,52192,2649,17166,1086,3524,818137,T
176782345,2184,25,85176,5445,8400,543,4458,818285,F
672215411,3487,31,815958,6807,17166,1086,5393,818275,T
477512440,101,1,4343,1969,8490,1086,5617,818157,T
953065301,1683,128,106029,7114,12736,543,4456,817909,T
178841040,3588,35,304980,1911,14100,1086,3371,817729,F
191938323,1,19,126,2467,11785,1086,3206,817939,T
165894621,2211,16,411246,2459,46450,543,3014,817560,F
830469887,3458,22,307762,3707,19259,814,4809,817788,T
822186043,1539,119,370899,1720,23225,543,6253,817714,T
320105365,3603,31,129708,3249,10967,814,5701,817407,T
312470123,3492,34,164124,4156,15483,814,5917,817582,T
756268773,2243,12,417198,4617,8225,271,5897,817768,T
385316605,3494,42,321448,2371,56403,543,6247,817580,T
974852021,3518,59,207562,1832,131609,814,5701,817374,F
694755199,1865,74,264830,1608,31586,1086,2897,817474,T
840860317,3493,48,216566,6635,15185,814,4533,817425,T
924763008,1639,110,160622,2392,20247,1086,3179,817858,T
634015648,2305,8,472525,11280,8973,271,5382,817799,T
357126887,12,1,2244,2224,34332,1357,2788,818268,T
442578177,2326,20,351226,2322,14357,814,3618,817654,F
173033138,3510,37,449280,8140,112807,1086,3154,818318,T
588368139,3540,53,272580,1621,13383,1357,2921,818319,F
752569644,3599,56,521855,8872,15483,814,4798,818082,T
878650820,3523,45,176150,3638,11121,1086,3315,818260,T
906425292,1698,121,179988,9513,8400,271,3473,817608,T
494107009,2214,29,141696,4091,10255,271,6198,818164,F
056091653,2172,24,284532,5982,52643,543,4650,817546,T
488337002,1923,61,111534,3263,11785,1357,4544,817583,T
912726242,43,5,1634,1949,8773,1086,5657,817727,T
548874126,3656,40,307104,2467,41560,543,3692,817523,T
090902472,3487,41,387057,2563,78965,1357,6026,817586,T
614089212,1708,101,143472,2056,8973,271,2856,817415,T
395942383,1571,100,383324,3909,15793,271,3257,817612,T
012362994,18,1,558,1811,26321,814,3002,818012,T
064150704,3457,53,812395,1698,12736,543,4295,817897,F
417811910,2171,20,121576,2632,8057,271,5639,817624,F
396955388,1886,59,79212,4268,31586,814,4489,817802,T
312102443,1652,122,33040,1672,8490,1086,4609,817444,T
844365764,3520,30,387200,2111,12945,271,4022,817476,T
782810357,2345,30,117250,5680,11785,271,5781,817745,T
124008599,2173,6,356372,11280,9400,1357,2966,818038,T
294933845,101,1,23028,2181,17547,271,5432,817336,T
404751581,1621,135,241529,3121,11121,1086,4146,817620,T
552962477,1692,120,128592,1669,28201,271,5707,817467,T
787876978,2243,11,325235,1893,31586,271,3102,817916,T
615528532,2227,33,547842,3622,14357,271,3334,817487,F
838835505,1642,121,133002,1634,14357,1086,3192,817397,T
867044668,53,1,3869,2078,17547,1357,3363,817363,T
986127574,1661,97,114609,1611,65804,814,3427,817446,T
563817567,1843,74,259863,1628,14357,1086,5006,817532,T
590230685,3495,29,349500,2218,17166,1086,3674,818006,T
125451774,1672,132,274208,2371,8400,271,5065,817557,T
422983378,2260,19,366120,1907,11785,271,3522,817730,F
530389957,2189,11,350240,1676,9076,543,4601,818109,T
272430247,1898,50,343538,3048,11280,1086,3050,817625,T
540269869,3528,33,571536,2871,9995,1357,5494,818151,T
258590357,3643,55,40073,2991,8057,1086,3414,818168,T
525742321,1675,115,214400,1758,17166,814,4410,817340,T
229609478,127,1,3937,9629,52643,1086,4180,817528,T
446854865,3595,19,593175,1827,8490,1086,6146,817600,T
594441398,1543,111,104924,5640,60742,271,4215,817428,T
801168164,2243,27,237758,6121,131609,271,6069,817976,T
120800384,9,1,639,2903,98706,543,5556,817480,T
407925468,3576,21,243168,2145,16451,1357,5744,817601,T
408326267,1584,101,270864,1655,21934,543,6161,817436,T
249774633,2237,30,205804,3096,12736,271,5678,818322,F
948933637,15,1,3600,1618,30371,1086,3687,817448,T
927176884,32,1,7072,4538,43869,1357,4813,818258,T
439551439,3584,54,250880,2572,13614,271,4692,817669,T
772127602,16,1,592,3833,13614,543,3252,818168,T
572294911,1561,110,46830,3146,12736,1086,5744,817748,T
693882844,1,14,236,1743,157930,271,4384,817703,T
440967129,3580,39,136040,2452,8677,814,3711,817881,T
953083013,1684,127,180188,2467,10390,1086,4207,817625,T
581588791,1729,59,102011,3048,15483,1357,3274,817396,T
553436458,1896,74,183912,1964,71786,814,3655,817926,T
075785854,10,1,1630,3433,8400,814,3575,817774,T
543574758,2357,24,494970,1866,52643,271,4944,817829,F
756610106,3526,20,504218,3263,15185,1357,6372,817661,T
769314178,2370,2,210930,7818,11612,271,3276,817351,T
249927524,3616,44,372448,1853,15793,1086,6101,817357,F
038916400,1700,114,285600,1819,14899,814,2865,818280,T
759886981,5,5,225,3707,12945,543,4660,818147,T
358374656,25,12,6225,3889,21342,1086,5658,817846,T
983017941,1624,135,297192,2800,19741,543,4748,817342,T
016803921,2202,2,55050,4338,32902,543,3165,817418,T
155540069,1654,114,112472,1832,14357,543,5611,818297,T
818126112,3591,19,323190,1858,10255,271,4347,818040,T
222212800,1524,131,236220,1984,21934,814,6365,817545,T
254372477,79,19,13351,1645,10967,1086,4789,817539,T
593723542,13,1,468,1778,8057,543,5918,817366,T
072033032,46,6,1150,2722,21934,271,4058,817929,T
978479951,3547,26,344059,1720,9076,1357,3388,817947,T
037590064,3567,52,656328,2364,10390,814,3570,818282,T
933781085,2367,14,163323,2704,27229,271,4116,818163,F
668691391,3516,22,495756,6419,9400,1086,3702,817743,T
899736952,3611,45,852196,2924,11280,1357,5954,817796,T
537500102,2,1,246,9400,10528,1357,4604,818215,T
610673066,16,18,592,1758,8140,543,3424,817919,T
010001427,1760,58,170720,2019,56403,1357,3518,817726,T
382713023,48,6,11520,11121,9290,814,3403,817747,T
549110276,1702,116,222962,8140,30371,1086,3318,818153,T
660222638,3557,52,305902,7896,31586,814,4343,817539,T
568091271,2272,39,420320,8490,14100,543,5506,817876,T
695986737,3473,59,406341,7592,9748,1086,5757,817992,T
171294221,2304,10,25344,2861,8057,271,3563,817987,T
567094533,3462,30,83088,2378,28201,814,2957,818014,T
445799151,9,1,1350,1907,9076,1357,3194,817488,T
043592980,1553,118,178595,3317,10255,271,4399,818020,T
244340933,120,16,22800,7311,9400,1086,2681,817955,T
686538060,2328,30,314280,5560,8677,543,3556,817601,T
154895685,1625,132,313625,1628,14100,1357,4857,817486,T
753081741,15,1,3270,2935,13383,543,6075,817599,T
604020610,12,11,1908,3048,7896,543,6057,818286,T
461815798,19,1,931,1815,8312,1086,4137,817942,T
240989559,100,1,16400,2224,13853,1086,3415,817393,T
248532282,3574,50,532526,2169,26321,814,4416,817808,T
114484050,21,8,4809,2236,19259,543,3214,817762,T
415530652,143,1,14586,1634,12148,271,4603,817521,T
339316488,88,3,4224,2040,9513,543,4964,817611,T
848882993,1864,83,285192,4486,13160,1086,4361,818055,T
578612987,1697,110,113699,2205,8312,1086,5994,818151,T
962408265,96,2,16224,2308,7976,1357,5419,818062,T
927607274,25,1,2400,3655,29246,271,3189,817535,T
641029027,1558,120,384826,2139,17166,1086,4337,817776,T
024236083,31,11,930,10123,9870,543,6049,818260,T
757906392,3476,43,69520,5483,98706,1357,4541,817807,T
469288633,2371,12,312972,1811,15793,271,4647,817687,T
243856357,49,1,2891,1631,32902,814,4320,817891,T
576541730,3580,55,289980,1638,28201,1357,6390,817560,F
276753852,39,1,5811,2236,10528,1086,3362,818103,T
399437565,3489,20,272142,3478,9290,1086,2788,818032,T
030264071,3503,43,129611,1786,10390,1086,3077,818016,F
279243620,1923,85,126918,1694,131609,1086,2775,817418,T
060659216,1540,122,240240,1754,9629,1086,4876,817628,T
